{"cameraMode":{"drawMode":0,"name":"Shaded","section":"Shading Mode"},"sceneLighting":true,"audioPlay":false,"sceneViewState":{"showFog":true,"showMaterialUpdate":false,"showSkybox":true,"showFlares":true,"showImageEffects":true,"showParticleSystems":true},"in2DMode":false,"pivot":{"x":5.1901421546936039,"y":-15.52772331237793,"z":30.091228485107423},"rotation":{"x":0.29111427068710329,"y":0.05019214376807213,"z":-0.01529630646109581,"w":0.9552532434463501},"size":30.513744354248048,"orthographic":false}